{
    "batch_size": 256,
    "grad_clip": 100,
    "learning_rate": 0.0001897875384559752,
    "momentum": 0.9023338393105585,
    "optim": "RMSprop",
    "weight_decay": 8.669582345634524e-07
}