{
    "batch_size": 32,
    "grad_clip": 100,
    "learning_rate": 0.002063177339816182,
    "momentum": 0.9534969011157622,
    "optim": "RMSprop",
    "weight_decay": 1.5701421102720514e-09
}