{
    "batch_size": 64,
    "grad_clip": 100,
    "learning_rate": 0.0011851623931648273,
    "momentum": 0.9118821444912818,
    "optim": "RMSprop",
    "weight_decay": 1.8330512981446166e-05
}