{
    "batch_size": 128,
    "grad_clip": 100,
    "learning_rate": 0.0021258506227864503,
    "momentum": 0.8637869204709558,
    "optim": "RMSprop",
    "weight_decay": 2.884947591310908e-09
}