{
    "batch_size": 256,
    "grad_clip": 100,
    "learning_rate": 0.007338994072285007,
    "momentum": 0.8579587307006536,
    "optim": "RMSprop",
    "weight_decay": 3.0548241032472504e-06
}