{
    "batch_size": 256,
    "grad_clip": 100,
    "learning_rate": 0.0002445798039648684,
    "momentum": 0.8666218806535941,
    "optim": "RMSprop",
    "weight_decay": 3.88969811991119e-08
}