{
    "batch_size": 32,
    "grad_clip": 100,
    "learning_rate": 0.005200534450161344,
    "momentum": 0.9128716798781805,
    "optim": "RMSprop",
    "weight_decay": 4.8576007797024755e-05
}