{
    "batch_size": 256,
    "grad_clip": 100,
    "learning_rate": 0.001311205590507224,
    "momentum": 0.8955958672983542,
    "optim": "RMSprop",
    "weight_decay": 5.43337242644385e-09
}