{
    "batch_size": 256,
    "grad_clip": 100,
    "learning_rate": 0.0023818250146029132,
    "momentum": 0.8961359795136915,
    "optim": "RMSprop",
    "weight_decay": 6.848660743645292e-05
}