{
    "batch_size": 64,
    "grad_clip": 100,
    "learning_rate": 6.278285356455451e-05,
    "momentum": 0.9857732694845448,
    "optim": "RMSprop",
    "weight_decay": 1.843742127649594e-06
}