{
    "batch_size": 32,
    "grad_clip": 100,
    "learning_rate": 0.0004565274999758974,
    "momentum": 0.9763637865741166,
    "optim": "RMSprop",
    "weight_decay": 1.77725583826966e-07
}