{
    "batch_size": 128,
    "grad_clip": 100,
    "learning_rate": 5.626875503192141e-05,
    "momentum": 0.9273069457891369,
    "optim": "RMSprop",
    "weight_decay": 8.363351400229074e-07
}