{
    "batch_size": 128,
    "grad_clip": 100,
    "learning_rate": 0.00015567791492078497,
    "momentum": 0.95708763785956,
    "optim": "RMSprop",
    "weight_decay": 5.255543041293352e-05
}