{
    "batch_size": 32,
    "grad_clip": 100,
    "learning_rate": 0.0010001816747792715,
    "momentum": 0.8570518079460561,
    "optim": "RMSprop",
    "weight_decay": 3.1296111010173053e-06
}