{
    "batch_size": 64,
    "grad_clip": 100,
    "learning_rate": 0.0039109865232606475,
    "momentum": 0.9134959755749297,
    "optim": "RMSprop",
    "weight_decay": 4.076411305144608e-06
}