{
    "batch_size": 256,
    "grad_clip": 100,
    "learning_rate": 0.0002592663132143989,
    "momentum": 0.9736003997261308,
    "optim": "RMSprop",
    "weight_decay": 1.7910742946345894e-08
}