{
    "batch_size": 256,
    "grad_clip": 100,
    "learning_rate": 0.00014581025032433135,
    "momentum": 0.8697769466896255,
    "optim": "RMSprop",
    "weight_decay": 3.0640767208499805e-09
}