{
    "batch_size": 128,
    "grad_clip": 100,
    "learning_rate": 0.0002393651132300306,
    "momentum": 0.9688520977438085,
    "optim": "RMSprop",
    "weight_decay": 1.2285234751732842e-06
}