{
    "batch_size": 256,
    "grad_clip": 100,
    "learning_rate": 0.023521525075455733,
    "momentum": 0.8696491092577703,
    "optim": "RMSprop",
    "weight_decay": 2.240971285592108e-05
}