{
    "batch_size": 256,
    "grad_clip": 100,
    "learning_rate": 0.014973350898754897,
    "momentum": 0.9849127864701441,
    "optim": "RMSprop",
    "weight_decay": 8.264328927007725e-08
}