{
    "batch_size": 256,
    "grad_clip": 100,
    "learning_rate": 6.941445547570854e-05,
    "momentum": 0.938357575819948,
    "optim": "RMSprop",
    "weight_decay": 4.613972416217892e-09
}