{
    "batch_size": 256,
    "grad_clip": 100,
    "learning_rate": 0.0023175839376645226,
    "momentum": 0.970823166332449,
    "optim": "RMSprop",
    "weight_decay": 6.13990114231808e-09
}