{
    "batch_size": 128,
    "grad_clip": 100,
    "learning_rate": 0.027675725987032843,
    "momentum": 0.9068568690173835,
    "optim": "RMSprop",
    "weight_decay": 7.015422001942914e-07
}