{
    "batch_size": 256,
    "grad_clip": 100,
    "learning_rate": 0.005650129783183296,
    "momentum": 0.9350962936201654,
    "optim": "RMSprop",
    "weight_decay": 4.2192586074465756e-08
}