{
    "batch_size": 32,
    "grad_clip": 100,
    "learning_rate": 0.004926828219879986,
    "momentum": 0.8855518299633036,
    "optim": "RMSprop",
    "weight_decay": 1.1656277734601259e-08
}