{
    "batch_size": 64,
    "grad_clip": 100,
    "learning_rate": 0.00016691153062053883,
    "momentum": 0.8640411519171697,
    "optim": "RMSprop",
    "weight_decay": 1.2082259188033415e-09
}