{
    "batch_size": 32,
    "grad_clip": 100,
    "learning_rate": 4.037265469308705e-05,
    "momentum": 0.9102563415311286,
    "optim": "RMSprop",
    "weight_decay": 3.548822366228962e-07
}