{
    "batch_size": 128,
    "grad_clip": 100,
    "learning_rate": 0.00023346311661659184,
    "momentum": 0.8756467906809964,
    "optim": "RMSprop",
    "weight_decay": 8.56179202297187e-07
}