{
    "batch_size": 32,
    "grad_clip": 100,
    "learning_rate": 0.0020337151702831666,
    "momentum": 0.9262836456195656,
    "optim": "RMSprop",
    "weight_decay": 1.3130280280658598e-07
}