{
    "batch_size": 32,
    "grad_clip": 100,
    "learning_rate": 0.0034701369355347737,
    "momentum": 0.9613748644594806,
    "optim": "RMSprop",
    "weight_decay": 3.3087812754914707e-07
}