{
    "batch_size": 32,
    "grad_clip": 100,
    "learning_rate": 0.0005909696064115641,
    "momentum": 0.9348950499779094,
    "optim": "RMSprop",
    "weight_decay": 1.2472858387603371e-09
}