{
    "batch_size": 256,
    "grad_clip": 100,
    "learning_rate": 0.0003648715371090315,
    "momentum": 0.9272542762786562,
    "optim": "RMSprop",
    "weight_decay": 1.4727379143465204e-09
}