{
    "batch_size": 32,
    "grad_clip": 100,
    "learning_rate": 0.000542147228683243,
    "momentum": 0.900297998388412,
    "optim": "RMSprop",
    "weight_decay": 9.942476005915184e-08
}