{
    "batch_size": 32,
    "grad_clip": 100,
    "learning_rate": 8.213889461712537e-05,
    "momentum": 0.8775215306352074,
    "optim": "RMSprop",
    "weight_decay": 6.976311326833796e-08
}