{
    "batch_size": 256,
    "grad_clip": 100,
    "learning_rate": 9.142877796226864e-05,
    "momentum": 0.9522619047193512,
    "optim": "RMSprop",
    "weight_decay": 1.703421743627399e-06
}