{
    "batch_size": 256,
    "grad_clip": 100,
    "learning_rate": 0.02706982319644036,
    "momentum": 0.9727107343443226,
    "optim": "RMSprop",
    "weight_decay": 4.906759355375315e-08
}