{
    "batch_size": 256,
    "grad_clip": 100,
    "learning_rate": 0.0013607321066745265,
    "momentum": 0.8545451413911769,
    "optim": "RMSprop",
    "weight_decay": 7.957168987936029e-07
}