{
    "batch_size": 32,
    "grad_clip": 100,
    "learning_rate": 0.001840565768750738,
    "momentum": 0.9663467837330666,
    "optim": "RMSprop",
    "weight_decay": 1.3960765039601648e-06
}