{
    "batch_size": 128,
    "grad_clip": 100,
    "learning_rate": 0.013532963100152237,
    "momentum": 0.8630843239021764,
    "optim": "RMSprop",
    "weight_decay": 1.3537217341559367e-07
}