{
    "batch_size": 256,
    "grad_clip": 100,
    "learning_rate": 0.00023454858736567406,
    "momentum": 0.9365221600598378,
    "optim": "RMSprop",
    "weight_decay": 1.392654878136324e-07
}