{
    "batch_size": 128,
    "grad_clip": 100,
    "learning_rate": 0.001584179403688794,
    "momentum": 0.8871545287315223,
    "optim": "RMSprop",
    "weight_decay": 4.132760779522896e-07
}