{
    "batch_size": 32,
    "grad_clip": 100,
    "learning_rate": 0.003398167031253551,
    "momentum": 0.9349863085563033,
    "optim": "RMSprop",
    "weight_decay": 3.745283361134421e-06
}