{
    "batch_size": 128,
    "grad_clip": 100,
    "learning_rate": 3.9802823394457654e-05,
    "momentum": 0.9842575810608862,
    "optim": "RMSprop",
    "weight_decay": 5.981970160828451e-08
}