{
    "batch_size": 256,
    "grad_clip": 100,
    "learning_rate": 0.0038746413319040974,
    "momentum": 0.9029656602783239,
    "optim": "RMSprop",
    "weight_decay": 3.1634446960889604e-09
}