{
    "batch_size": 128,
    "grad_clip": 100,
    "learning_rate": 0.00017630288965131324,
    "momentum": 0.9306620268184972,
    "optim": "RMSprop",
    "weight_decay": 9.124512203432775e-07
}