{
    "batch_size": 512,
    "grad_clip": 100,
    "learning_rate": 0.0010591228693407303,
    "momentum": 0.87335865182679,
    "optim": "RMSprop",
    "weight_decay": 7.85697005696771e-06
}