{
    "batch_size": 128,
    "grad_clip": 100,
    "learning_rate": 0.0016129922483536124,
    "momentum": 0.8981047704407338,
    "optim": "RMSprop",
    "weight_decay": 8.79759344782701e-06
}