{
    "batch_size": 256,
    "grad_clip": 100,
    "learning_rate": 0.0007077012614739473,
    "momentum": 0.9358288841037785,
    "optim": "RMSprop",
    "weight_decay": 3.248949162776265e-05
}