{
    "batch_size": 128,
    "grad_clip": 100,
    "learning_rate": 0.006251378019917967,
    "momentum": 0.9548129067790766,
    "optim": "RMSprop",
    "weight_decay": 3.300644105597621e-05
}