{
    "batch_size": 512,
    "grad_clip": 100,
    "learning_rate": 0.0032502263648821195,
    "momentum": 0.8794535585503377,
    "optim": "RMSprop",
    "weight_decay": 4.411959206764383e-09
}