{
    "batch_size": 128,
    "grad_clip": 100,
    "learning_rate": 0.0002999537523655126,
    "momentum": 0.8705819452844321,
    "optim": "RMSprop",
    "weight_decay": 6.300141963901904e-09
}