{
    "batch_size": 512,
    "grad_clip": 100,
    "learning_rate": 0.014712956982594562,
    "momentum": 0.9217432322262722,
    "optim": "RMSprop",
    "weight_decay": 3.573917595554132e-07
}