{
    "batch_size": 512,
    "grad_clip": 100,
    "learning_rate": 0.0010239583310399259,
    "momentum": 0.9835209932929364,
    "optim": "RMSprop",
    "weight_decay": 6.152569162557243e-07
}