{
    "batch_size": 512,
    "grad_clip": 100,
    "learning_rate": 0.00459090138698378,
    "momentum": 0.931482770890515,
    "optim": "RMSprop",
    "weight_decay": 4.862573145115569e-07
}