{
    "batch_size": 128,
    "grad_clip": 100,
    "learning_rate": 0.009168564870496448,
    "momentum": 0.9772381205777834,
    "optim": "RMSprop",
    "weight_decay": 1.1956913676401458e-05
}