{
    "batch_size": 128,
    "grad_clip": 100,
    "learning_rate": 0.010412796160311913,
    "momentum": 0.8832838556421894,
    "optim": "RMSprop",
    "weight_decay": 3.2504784226357365e-07
}