{
    "batch_size": 256,
    "grad_clip": 100,
    "learning_rate": 0.0017367495507072581,
    "momentum": 0.9866052359195902,
    "optim": "RMSprop",
    "weight_decay": 2.3176321485867725e-08
}