{
    "batch_size": 256,
    "grad_clip": 100,
    "learning_rate": 8.316062726616244e-05,
    "momentum": 0.8546511339372648,
    "optim": "RMSprop",
    "weight_decay": 8.182288704755737e-05
}