{
    "batch_size": 256,
    "grad_clip": 100,
    "learning_rate": 0.0029443454869627324,
    "momentum": 0.8693456131888059,
    "optim": "RMSprop",
    "weight_decay": 9.61417024889696e-09
}