{
    "batch_size": 256,
    "grad_clip": 100,
    "learning_rate": 0.01158352501646839,
    "momentum": 0.9541368363433703,
    "optim": "RMSprop",
    "weight_decay": 2.4716195861840923e-07
}