{
    "batch_size": 128,
    "grad_clip": 100,
    "learning_rate": 0.0004768199175484619,
    "momentum": 0.9670510268952328,
    "optim": "RMSprop",
    "weight_decay": 4.863857046189474e-08
}