{
    "batch_size": 256,
    "grad_clip": 100,
    "learning_rate": 0.0014303712665961483,
    "momentum": 0.8547075130898365,
    "optim": "RMSprop",
    "weight_decay": 6.99533997753009e-05
}