{
    "batch_size": 512,
    "grad_clip": 100,
    "learning_rate": 0.00011216038945873116,
    "momentum": 0.8702786863080728,
    "optim": "RMSprop",
    "weight_decay": 2.756013897668019e-07
}