{
    "batch_size": 128,
    "grad_clip": 100,
    "learning_rate": 0.00029677206825427706,
    "momentum": 0.8709544814057156,
    "optim": "RMSprop",
    "weight_decay": 1.2930250578399359e-08
}