{
    "batch_size": 512,
    "grad_clip": 100,
    "learning_rate": 0.00355401192835065,
    "momentum": 0.903302094298965,
    "optim": "RMSprop",
    "weight_decay": 1.4779331198219689e-06
}