{
    "batch_size": 256,
    "grad_clip": 100,
    "learning_rate": 0.029581271822028354,
    "momentum": 0.8803655778157863,
    "optim": "RMSprop",
    "weight_decay": 2.0672405509021136e-06
}