{
    "batch_size": 256,
    "grad_clip": 100,
    "learning_rate": 0.003500075296009654,
    "momentum": 0.8749714289034444,
    "optim": "RMSprop",
    "weight_decay": 2.2350903664939972e-09
}