{
    "batch_size": 512,
    "grad_clip": 100,
    "learning_rate": 0.0014766864219182912,
    "momentum": 0.8723813914884988,
    "optim": "RMSprop",
    "weight_decay": 5.2377748791304496e-09
}