{
    "batch_size": 512,
    "grad_clip": 100,
    "learning_rate": 6.191270531338236e-05,
    "momentum": 0.9877659137909804,
    "optim": "RMSprop",
    "weight_decay": 2.003109256849587e-08
}