{
    "batch_size": 512,
    "grad_clip": 100,
    "learning_rate": 0.0269329090532123,
    "momentum": 0.9346783727643064,
    "optim": "RMSprop",
    "weight_decay": 4.9695595258807045e-06
}