{
    "batch_size": 128,
    "grad_clip": 100,
    "learning_rate": 0.0004957957228497133,
    "momentum": 0.8587798132832684,
    "optim": "RMSprop",
    "weight_decay": 1.3187463161045844e-07
}