{
    "batch_size": 512,
    "grad_clip": 100,
    "learning_rate": 0.008808448877263182,
    "momentum": 0.9879687998700617,
    "optim": "RMSprop",
    "weight_decay": 6.996140511889995e-05
}