{
    "batch_size": 512,
    "grad_clip": 100,
    "learning_rate": 0.0009194182352764358,
    "momentum": 0.9733406387082345,
    "optim": "RMSprop",
    "weight_decay": 7.621174979067592e-05
}