{
    "batch_size": 128,
    "grad_clip": 100,
    "learning_rate": 0.0009088216848551347,
    "momentum": 0.9491967410028004,
    "optim": "RMSprop",
    "weight_decay": 3.095288452728341e-07
}