{
    "batch_size": 128,
    "grad_clip": 100,
    "learning_rate": 0.0008332997624869803,
    "momentum": 0.8760865280657464,
    "optim": "RMSprop",
    "weight_decay": 4.837164819928396e-06
}