{
    "batch_size": 512,
    "grad_clip": 100,
    "learning_rate": 4.4850195986224014e-05,
    "momentum": 0.9011694548768774,
    "optim": "RMSprop",
    "weight_decay": 1.2109880809855717e-09
}