{
    "batch_size": 256,
    "grad_clip": 100,
    "learning_rate": 0.0002973134735744154,
    "momentum": 0.9452161752677933,
    "optim": "RMSprop",
    "weight_decay": 9.498909077943324e-06
}