{
    "batch_size": 128,
    "grad_clip": 100,
    "learning_rate": 0.004204868204598623,
    "momentum": 0.9492700958991183,
    "optim": "RMSprop",
    "weight_decay": 1.144832822388074e-06
}